{
	"Language": "en",
	"PreKey": "",
	"AutoUpdate": true,
	"MainColor": "#9900FF",
	"Uptime": false,
	"Config": "default",
	"DevMode": false,
	"Login2Fa": false,
	"AutoLogin": false,
	"BroadCast": true,
	"AuthString": "SD4S XQ32 O2JA WXB3 FUX2 OPJ7 Q7JZ 4R6Z | https://i.imgur.com/RAg3rvw.png Please remove this !, Recommend If You Using getUserInfoV2",
	"EncryptFeature": false,
	"ResetDataLogin": false,
	"AutoInstallNode": false,
	"AntiSendAppState": true,
	"AutoRestartMinutes": 0,
	"RestartMQTT_Minutes": 720,
	"UserAgent": "Mozilla/5.0 (X11; Linux aarch64) AppleWebKit/537.36 (KHTML, like Gecko) Chrome/141.0.0.0 Safari/537.36 CrKey/1.54.250320",
	"AcceptLanguage": "en-US,en;q=0.9",
	"PreferredRegion": "SIN",
	"Websocket_Extension": {
		"Status": false,
		"ResetData": false,
		"AppState_Path": "appstate.json"
	},
	"HTML": {
		"HTML": true,
		"UserName": "Guest",
		"MusicLink": "https://drive.google.com/uc?id=1zlAALlxk1TnO7jXtEP_O6yvemtzA2ukA&export=download"
	},
	"AntiGetInfo": {
		"Database_Type": "default",
		"AntiGetThreadInfo": true,
		"AntiGetUserInfo": true
	},
	"Stable_Version": {
		"Accept": false,
		"Version": ""
	},
	"CheckPointBypass": {
		"956": {
			"Allow": false,
			"Difficult": "Easy",
			"Notification": "Turn on with AutoLogin!"
		}
	},
	"AntiStuckAndMemoryLeak": {
		"AutoRestart": {
			"Use": true,
			"Explain": "When this feature is turned on, the system will continuously check and confirm that if memory usage reaches 90%, it will automatically restart to avoid freezing or stopping."
		},
		"LogFile": {
			"Use": false,
			"Explain": "Record memory usage logs to fix errors. Default location: PriyanshFca_Database/memory.logs"
		}
	},
	"MainName": "[ FCA-PRIYANSH ]"
}